,wilcox_vs_MF,p.value_vs_MF
temperature,736229,0.107833828478165
temperaturelow,563220,3.31292262415113e-18
temperaturehigh,913930,3.27137586792281e-34
humidity,682276,0.107909244652755
dewpoint,708416,0.960842955675304
pressure,654606.5,0.510847673593508
windspeed,719398.5,0.545039039309652
visibility,7853.5,0
cloudcover,353918.5,1.59340934647312e-99
windgust,1080694,1.97669570230878e-163
precipintensity,120330,2.22659078436252e-247
